0.33320,0.44559,3.90050,3.78970,4.37084,3.09419,15.93403,0.03030,0.00016
0.26781,0.29080,3.39880,4.18088,4.33881,3.11959,15.59668,0.06061,0.00032
0.16416,0.30453,4.57260,6.26903,3.86462,3.18052,18.35545,0.00000,0.00000
0.37781,0.44787,6.26467,2.63377,4.04603,3.16431,16.93446,0.05556,0.00016
0.21923,0.40119,1.41489,2.19319,4.44853,3.10568,11.78272,0.16667,0.00016
0.41954,0.34836,7.37405,7.56824,3.88866,3.12934,22.72820,0.00000,0.00000
0.19950,0.26077,6.38513,5.68698,4.14428,3.08580,19.76246,0.05556,0.00015
0.22030,0.32681,3.11986,2.95941,4.37299,3.09717,14.09654,0.00000,0.00000
0.21000,0.45075,5.86202,8.44458,4.46851,3.13343,22.56928,0.00000,0.00000
0.35149,0.44193,5.16155,5.72220,4.22566,3.11291,19.01575,0.00000,0.00000
0.23150,0.35002,6.94407,5.74146,4.34858,3.14520,20.76083,0.00000,0.00000
0.46489,0.06861,1.59329,1.47462,3.96259,3.08954,10.65354,0.16667,0.00016
0.26258,0.31613,6.70667,3.32744,4.37087,3.10418,18.08787,0.00000,0.00000
0.24216,0.37899,6.42398,3.73874,4.29279,3.13201,18.20867,0.00000,0.00000
0.22567,0.25726,6.02926,4.67361,4.03768,3.15224,18.37573,0.00000,0.00000
0.23883,0.38271,5.32874,4.71572,4.21824,3.13322,18.01745,0.00000,0.00000
0.24165,0.32392,54.72742,25.46934,3.57442,3.08928,87.42604,0.03030,0.00022
0.27379,0.30652,36.74950,17.16769,3.55905,2.99279,61.04935,0.11111,0.00023
0.17750,0.19069,24.43970,13.80101,3.72643,3.04425,45.37957,0.00000,0.00000
0.25112,0.30058,60.73612,31.33033,3.42695,3.01827,99.06337,0.08333,0.00028
0.19886,0.27948,41.30099,20.43463,3.56061,3.06457,68.83915,0.00000,0.00000
0.29212,0.28640,71.49016,35.77023,3.45122,3.02498,114.31511,0.02564,0.00022
0.28195,0.36312,41.65131,20.59583,3.42601,3.04585,69.36407,0.06061,0.00113
0.26874,0.40548,40.28964,17.68423,3.56376,3.07022,65.28208,0.07407,0.00122
0.36036,0.33054,35.65702,17.87617,3.49361,3.02873,60.74642,0.11111,0.00074
0.38055,0.23242,34.55589,20.10522,3.55189,3.14143,61.96738,0.04762,0.00005
0.30246,0.34209,48.99889,20.45806,3.53767,3.03992,76.67907,0.06410,0.00060
0.22451,0.16010,43.78422,18.99008,3.38312,3.05171,69.59374,0.00000,0.00000
0.25400,0.37195,56.88590,26.49113,3.48118,3.09374,90.57788,0.00000,0.00000
0.13599,0.30013,44.15907,16.72666,3.25172,5.93122,70.50479,0.16667,0.00009
0.31699,0.38033,15.03475,12.12301,4.18661,3.05837,35.10006,0.00000,0.00000
0.18394,0.36074,7.35036,13.18197,3.81721,3.00156,27.89577,0.00000,0.00000
0.23882,0.23312,18.68761,17.97081,4.03269,3.02138,44.18443,0.16667,0.00010
0.20606,0.26536,6.43166,2.60577,4.19000,3.06873,16.76757,0.00000,0.00000
0.33951,0.28483,19.84908,15.98152,3.71579,3.07239,43.24313,0.00000,0.00000
0.44345,0.53997,9.06918,11.95210,3.71764,3.02542,28.74776,0.00000,0.00000
0.26337,0.26908,7.22679,8.84601,4.06022,3.05947,23.72494,0.08333,0.00038
0.19203,0.47926,12.67690,13.60222,3.56640,3.02561,33.54242,0.00000,0.00000
0.27981,0.38196,9.18665,11.03817,3.86208,3.04669,27.79536,0.04444,0.00033
0.28046,0.24028,6.08480,6.09164,4.03945,3.04563,19.78226,0.10256,0.00019
0.19652,0.32280,11.09475,11.63726,4.07595,3.07300,30.40029,0.11111,0.00010
0.19488,0.21089,10.23053,9.08779,3.69249,3.01668,26.43325,0.14286,0.00016
0.26745,0.36662,9.20842,13.34754,4.04121,3.04148,30.27271,0.08889,0.00042
0.26506,0.20760,10.01692,7.38374,4.06228,3.05225,24.98786,0.11111,0.00043
0.16670,0.19741,12.88799,7.83394,3.94376,3.05207,28.08186,0.00000,0.00000
0.23463,0.31845,8.74175,7.70141,3.90047,3.06693,23.96364,0.04167,0.00005
0.10078,0.24698,33.76991,13.97596,3.29444,2.92634,54.31440,0.00000,0.00000
0.21621,0.27289,2.60437,5.22929,3.24006,3.05787,14.62069,0.04762,0.00037
0.20535,0.24340,28.16759,13.19823,3.27617,3.02601,48.11674,0.22222,0.00102
0.28799,0.35125,15.20945,10.08958,3.55782,2.96779,32.46387,0.16667,0.00394
0.27261,0.29927,33.71048,15.91527,3.23077,2.98008,56.40849,0.11905,0.00917
0.38030,0.35456,57.75615,37.54539,2.71290,2.87456,101.62386,0.05556,0.00005
0.34816,0.37785,53.58118,22.11835,2.95473,2.82251,82.20278,0.14286,0.00319
0.30377,0.30848,21.95692,9.59496,2.99645,2.91831,38.07889,0.18182,0.00338
0.32148,0.25546,28.80281,14.33925,3.52233,2.98745,50.22879,0.12500,0.00087
0.17235,0.29345,31.61537,15.39845,3.30473,3.02831,53.81266,0.25000,0.00607
0.50284,0.32192,76.40720,33.66097,2.97844,2.99003,116.86140,0.00000,0.00000
0.21455,0.42318,54.62410,29.21310,3.32767,3.06229,90.86489,0.05556,0.00005
0.17021,0.24665,28.02301,14.87856,2.83632,2.98049,49.13523,0.19048,0.00050
0.29432,0.39697,47.01212,27.47134,2.83032,5.55250,83.55758,0.11111,0.00019
0.18828,0.36433,0.33934,2.18764,3.85935,3.04550,9.98444,0.00000,0.00000
0.26850,0.31006,1.18430,1.99529,3.61298,2.98856,10.35970,0.30000,0.00304
0.23620,0.32553,15.88504,8.45072,3.48953,2.92338,31.31040,0.13333,0.00010
0.30418,0.32186,11.13936,5.41941,3.38688,2.96358,23.53527,0.06667,0.00010
0.26859,0.34357,3.87041,3.64338,3.51388,3.00888,14.64871,0.25000,0.00572
0.34868,0.40856,3.63182,4.37027,3.48905,3.00170,15.25008,0.12121,0.00515
0.18127,0.25986,3.92892,1.98829,3.64758,3.02303,13.02896,0.04762,0.00005
0.27228,0.34907,8.45464,7.06991,3.15738,2.89277,22.19605,0.27778,0.00452
0.17520,0.24881,10.08044,4.27012,3.56487,3.02636,21.36580,0.22222,0.00307
0.13701,0.21444,4.33658,2.54255,3.75660,3.02167,14.00884,0.08333,0.00139
0.22377,0.37049,12.52998,7.62634,3.59612,2.96142,27.30812,0.22222,0.00010
0.24498,0.34250,4.41301,3.47312,3.39955,2.96599,14.83915,0.19048,0.00130
0.18459,0.15547,0.65772,2.59298,3.82120,3.04596,10.45792,0.22222,0.00285
0.18223,0.21360,7.13602,4.95835,3.55189,3.01508,19.05716,0.20000,0.00295
0.39354,0.36838,2.24098,5.43796,3.83777,3.00793,15.28656,0.22222,0.00011
0.40840,0.32862,5.25628,3.98945,3.78403,3.03564,16.80240,0.11111,0.00015
0.19093,0.21492,2.65853,0.80906,3.49170,3.04306,10.40820,0.06667,0.00005
0.30669,0.37035,1.65574,1.92191,3.50982,3.01591,10.78041,0.19048,0.00123
0.29782,0.35026,1.03599,1.81851,3.45734,2.99787,9.95778,0.20000,0.00056
0.22304,0.19681,1.20626,2.72143,3.25596,2.95644,10.55994,0.16667,0.00005
0.23682,0.30464,1.57933,2.48159,3.49030,2.97881,11.07149,0.20000,0.00013
0.27159,0.15974,1.83720,2.17083,3.29413,2.96865,10.70214,0.33333,0.00335
0.22705,0.45064,1.24243,2.45629,3.34280,2.96456,10.68377,0.38889,0.00284
0.21981,0.31076,2.93516,1.23801,3.69609,3.07490,11.47473,0.09524,0.00009
0.21886,0.32072,2.60775,2.30935,3.35792,3.04490,11.85951,0.20833,0.00129
0.22791,0.36942,2.17341,3.27389,3.36788,2.93602,12.34855,0.30952,0.00562
0.34221,0.32380,4.59724,3.69756,3.46854,3.08600,15.51535,0.08333,0.00005
0.31095,0.30783,1.87288,0.84329,3.60741,2.98163,9.92399,0.22222,0.00431
0.21959,0.24634,0.97850,1.51441,3.53590,3.00434,9.49907,0.29412,0.00655
0.25801,0.43202,1.31248,1.36093,3.47633,5.85665,12.69642,0.44444,0.00609
0.23765,0.23602,1.36983,1.39647,3.37442,2.97798,9.59239,0.40000,0.00495
0.24076,0.28747,3.11416,2.25068,3.30274,3.08397,12.27978,0.11111,0.00010
0.20806,0.22414,1.48040,1.28387,3.38085,2.93910,9.51642,0.36364,0.00461
0.26694,0.30759,0.71170,1.00804,3.33006,2.92807,8.55240,0.48485,0.00697
0.09927,0.33353,2.39113,2.41111,3.52238,2.98437,11.74179,0.26667,0.00019
0.19316,0.21731,1.32262,0.68139,3.39462,3.02814,8.83723,0.23333,0.00326
0.13157,0.10188,1.74124,0.36297,3.60887,2.98884,8.93537,0.22222,0.00108
0.17903,0.22049,1.96220,1.42123,3.30592,2.95583,10.04472,0.14815,0.00116
0.22550,0.31738,1.10731,0.93897,3.24650,2.98088,8.81655,0.31111,0.00452
0.29904,0.31666,1.30334,1.85586,3.43892,2.91815,10.13197,0.44444,0.00490
0.23101,0.28960,1.33790,3.02169,3.25826,2.96077,11.09924,0.16667,0.00004
0.21401,0.30672,1.26623,1.62321,3.43175,2.89446,9.73638,0.58333,0.00325
0.30616,0.36236,1.19159,1.66808,3.41606,2.89686,9.84110,0.45833,0.00456
0.34028,0.45617,2.55333,3.93602,3.40175,2.96259,13.65014,0.11111,0.00005
0.37353,0.44703,1.39154,2.19770,3.29234,3.01109,10.71324,0.22222,0.00010
0.29528,0.28519,1.68992,1.08629,3.34382,2.88829,9.58879,0.38889,0.00590
0.21962,0.46032,1.63232,2.34653,3.37182,2.94006,10.97068,0.33333,0.00178
0.14884,0.40946,0.49634,2.64446,3.08245,2.96139,9.74294,0.00000,0.00000
0.27234,0.30761,1.08585,0.98331,3.30280,2.92188,8.87378,0.46032,0.01450
0.21390,0.35280,1.42947,1.78741,3.17532,2.87972,9.83862,0.38095,0.00657
0.38730,0.37182,2.23996,2.05333,3.34588,2.93570,11.33398,0.33333,0.00242
0.39562,0.37318,1.34235,1.51824,3.11923,2.85908,9.60769,0.66667,0.00332
0.32542,0.24306,3.43077,1.86843,3.07422,3.02232,11.96422,0.25000,0.00159
0.16678,0.27447,1.66679,2.41217,3.22632,2.87716,10.62370,0.58333,0.00336
0.20968,0.34199,0.56543,0.89187,3.23711,2.88904,8.13512,0.51515,0.00858
0.27873,0.21551,1.72454,0.91892,3.28759,2.95759,9.38287,0.30769,0.00549
0.25341,0.36956,0.77164,0.50017,3.12768,2.88847,7.91093,0.40741,0.00547
0.36015,0.33176,2.18307,0.99323,3.17235,2.95390,9.99446,0.38889,0.00323
0.26847,0.43129,1.96280,1.99147,3.39060,3.00598,11.05060,0.16667,0.00018
0.20351,0.15525,0.51504,1.92565,3.18478,5.94821,11.93243,0.40000,0.00536
0.63098,0.40639,0.98340,1.80233,3.09370,2.83991,9.75671,0.33333,0.00009
0.20277,0.32346,1.07986,1.51925,3.14628,2.90090,9.17253,0.33333,0.00056
0.16648,0.31936,1.89278,0.96545,3.14744,2.90858,9.40008,0.28571,0.00178
0.21726,0.39254,1.84283,2.06178,3.11873,2.80450,10.43766,0.44444,0.00120
0.18683,0.27180,1.63760,1.57115,3.21433,2.95327,9.83500,0.37500,0.00436
0.15948,0.41154,1.09746,0.99061,3.08429,2.91561,8.65899,0.50000,0.00327
0.26494,0.29853,0.97116,0.63835,3.10656,2.89421,8.17377,0.39286,0.01575
0.19965,0.39106,1.14849,1.26183,3.25429,2.95275,9.20807,0.33333,0.00394
0.34823,0.33607,0.57747,1.56417,2.92642,2.94010,8.69246,0.16667,0.00005
0.19687,0.32631,1.28264,1.77848,3.07177,3.01865,9.67471,0.16667,0.00009
0.37060,0.36711,1.98546,0.75349,2.85433,2.92857,9.25958,0.38095,0.00336
0.21688,0.13840,1.79619,0.74492,3.10880,2.90962,8.91480,0.30303,0.00484
0.35233,0.30928,3.42862,2.01836,3.16441,2.97125,12.24425,0.25000,0.00064
0.30539,0.29072,1.27195,1.11831,3.18031,2.80324,8.96991,0.40741,0.00484
0.22804,0.26059,0.83489,1.12840,3.18669,2.94988,8.58849,0.29630,0.00345
0.27570,0.33791,0.75048,0.77062,3.00680,2.79493,7.93644,0.55556,0.01163
0.23894,0.31904,0.95862,1.00923,3.14219,2.83175,8.49977,0.54545,0.00738
0.22936,0.27809,4.39182,2.76541,3.04052,3.02534,13.73054,0.13333,0.00011
0.26352,0.33849,0.94609,1.47919,3.03935,2.82819,8.89482,0.47619,0.00843
0.20807,0.35107,2.43968,1.64076,2.83836,3.02588,10.50382,0.25000,0.00061
0.19345,0.17943,1.35886,0.95855,2.98644,2.95663,8.63336,0.25926,0.00320
0.20105,0.21963,1.04501,0.54452,3.45465,2.82294,8.28780,0.53333,0.00448
0.25692,0.17342,0.75068,1.76227,2.95979,2.78986,8.69294,0.50000,0.00513
0.24425,0.39105,0.77089,0.74354,3.15573,2.86416,8.16962,0.52778,0.00679
0.27740,0.16482,0.84843,1.42634,3.10042,2.85809,8.67549,0.33333,0.00058
0.30175,0.33189,1.28582,1.13827,2.91712,2.77618,8.75103,0.57143,0.00437
0.26459,0.34395,1.89173,1.13031,3.07725,2.86526,9.57309,0.33333,0.00397
0.13368,0.16983,1.10571,0.81145,2.98532,2.95628,8.16228,0.00000,0.00000
0.23623,0.31521,1.75504,0.78067,3.13989,2.89149,9.11854,0.44444,0.00880
0.06577,0.23466,1.44959,2.17156,2.82039,5.48167,12.22364,0.44444,0.00137
0.06829,0.17874,2.93367,1.56466,2.90097,2.81843,10.46477,0.50000,0.00172
0.20237,0.34904,1.59403,0.96350,2.68953,2.93350,8.73197,0.25000,0.00125
0.26563,0.32117,1.04250,0.75770,3.06726,2.87496,8.32922,0.51515,0.01886
0.21817,0.23596,3.09901,1.38243,2.96296,2.83058,10.72912,0.41667,0.00113
0.25335,0.22778,0.91824,0.88472,3.11784,2.83240,8.23432,0.48718,0.00754
0.22538,0.30076,1.32020,0.86308,3.07268,2.85767,8.63978,0.47222,0.00689
0.18526,0.38400,1.03904,1.03748,2.91241,2.98159,8.53979,0.33333,0.00114
0.32794,0.25473,3.75692,1.60695,2.96446,2.93614,11.84715,0.16667,0.00127
0.27032,0.29136,1.27782,0.69735,2.94922,2.84116,8.32722,0.35417,0.00697
0.23795,0.28047,0.74180,0.77932,2.90903,2.74389,7.69245,0.63333,0.00898
0.19192,0.24238,1.51644,1.57571,3.01044,2.80665,9.34355,0.47222,0.00639
0.22889,0.24847,2.53961,0.56037,2.96371,2.87368,9.41473,0.33333,0.00495
0.28989,0.44990,1.36177,1.49459,2.97809,2.89134,9.46559,0.23810,0.00076
0.18385,0.33106,0.37248,0.46194,2.82674,2.75672,6.93280,0.66667,0.01129
0.35064,0.44964,2.30851,3.02084,3.03452,2.87530,12.03945,0.11111,0.00005
0.17706,0.28496,1.14180,1.05443,2.87930,2.80556,8.34311,0.57143,0.00559
0.24602,0.33595,1.00153,0.69836,2.90985,2.88966,8.08136,0.42424,0.00514
0.21425,0.42793,1.26842,1.19743,2.94603,2.73793,8.79198,0.61905,0.00565
0.36351,0.38119,1.55851,1.18487,2.85455,2.73124,9.07387,0.52381,0.00345
0.44361,0.30905,2.43375,1.85534,2.71383,2.94389,10.69947,0.16667,0.00010
0.25028,0.26714,0.46923,1.96157,2.67653,2.74398,8.36873,0.33333,0.00174
0.35894,0.33666,2.93000,1.43281,2.74561,2.79429,10.59831,0.47619,0.00465
0.20280,0.16710,0.64763,0.69972,2.76415,2.80088,7.28227,0.69444,0.01224
0.22339,0.22550,0.93074,1.11460,2.50684,2.72287,7.72393,0.44444,0.00255
0.15739,0.32510,1.85925,1.06496,2.78683,2.83369,9.02721,0.23810,0.00181
0.16212,0.27497,1.02191,2.67749,2.66289,2.80961,9.60899,0.33333,0.00053
0.30151,0.24774,2.26958,1.28695,2.54654,2.92725,9.57957,0.33333,0.00172
0.16998,0.38511,0.99592,1.21766,2.89840,2.95719,8.62426,0.22222,0.00058
0.24043,0.31540,1.08360,0.92096,2.86633,2.71717,8.14388,0.50000,0.01012
0.17397,0.17925,2.37487,0.63014,2.93469,5.75289,12.04580,0.06667,0.00010
0.29283,0.38582,1.42577,1.14575,2.79496,2.75393,8.79907,0.36111,0.00357
0.12749,0.37934,1.29603,1.88822,2.50669,2.60278,8.80056,0.58333,0.00239
0.32250,0.45675,0.38657,0.55902,2.81279,2.60957,7.14721,0.50000,0.00130
0.25611,0.34526,0.89214,0.90618,2.82729,2.75128,7.97826,0.48333,0.01230
0.18371,0.16881,1.52455,0.86154,2.69100,2.75263,8.18224,0.66667,0.00768
0.21412,0.35251,0.97256,0.73547,2.74962,2.75689,7.78117,0.51515,0.00936
0.20165,0.28294,1.96454,0.86684,2.65014,2.69416,8.66026,0.63636,0.01068
0.53851,0.48324,1.66998,1.89242,2.84473,2.77244,10.20133,0.16667,0.00005
0.39037,0.36524,2.04664,2.65785,2.55988,2.92574,10.94571,0.11111,0.00005
0.19994,0.29541,2.21707,1.26927,2.62269,2.87251,9.47688,0.42857,0.00342
0.23376,0.35213,0.92942,1.10756,3.07692,2.91929,8.61909,0.20000,0.00061
0.25046,0.30604,1.17944,0.56728,2.92505,2.76416,7.99242,0.26667,0.00309
0.17864,0.32735,1.38053,0.73085,2.89028,2.88245,8.39009,0.44444,0.00176
0.24595,0.23751,3.56613,1.51141,2.78949,2.77017,11.12065,0.33333,0.00354
0.10463,0.33854,0.71574,0.94544,2.50229,2.74166,7.34831,0.53333,0.00293
0.24889,0.31578,1.72354,1.60933,2.95692,2.78412,9.63858,0.41667,0.00178
0.24751,0.22429,1.18314,1.73475,2.71562,2.72904,8.83435,0.55556,0.00564
0.32842,0.36211,1.78358,0.50854,2.40343,2.70000,8.08607,0.47619,0.00498
0.23954,0.27805,1.05788,0.79554,2.77903,2.86991,8.01995,0.27273,0.00372
0.26918,0.29694,1.01412,0.78165,2.73551,2.72923,7.82662,0.36842,0.01456
0.22277,0.10513,1.15692,0.69723,2.90728,2.72822,7.81755,0.58333,0.00816
0.19426,0.17663,1.54198,0.63388,2.81736,2.81136,8.17546,0.38889,0.00591
0.23723,0.29644,2.47832,0.70545,3.00221,2.76692,9.48657,0.36364,0.00540
0.26295,0.24064,1.46967,0.89754,2.65654,2.97141,8.49874,0.33333,0.00176
0.30018,0.24159,2.52562,0.95630,2.90723,2.82937,9.76029,0.29630,0.00348
0.27396,0.31543,2.49255,2.92841,2.75049,2.76386,11.52470,0.16667,0.00065
0.23307,0.41240,0.94217,0.79347,2.91246,2.68068,7.97425,0.66667,0.00467
0.17221,0.25671,1.09576,0.81583,2.86307,2.79273,7.99632,0.36364,0.00449
0.25965,0.36575,1.64556,1.12338,2.89599,2.67519,8.96552,0.51852,0.00563
0.18858,0.25411,2.98817,1.27537,2.54259,5.98930,13.23812,0.22222,0.00118
0.14376,0.22729,2.71981,1.53865,2.41635,2.79672,9.84257,0.38889,0.00184
0.30874,0.31616,1.43314,0.79264,2.66640,2.72953,8.24662,0.36111,0.00449
0.20241,0.25934,3.57746,0.84321,2.82837,2.95175,10.66253,0.11111,0.00056
0.17418,0.29556,0.85493,0.51260,2.73697,2.71393,7.28818,0.38095,0.00877
0.22081,0.43673,1.01766,0.86162,2.64927,2.82305,8.00913,0.29167,0.00248
0.21117,0.14814,0.90317,0.75535,2.75865,2.75690,7.53338,0.61538,0.01137
0.27523,0.33179,2.52865,1.50900,2.68035,2.69405,10.01907,0.47619,0.00305
0.31996,0.28762,3.92427,1.80527,2.59063,2.85621,11.78396,0.25000,0.00067
0.25064,0.36504,2.13408,1.70417,2.59732,2.76599,9.81724,0.53333,0.00302
0.24411,0.21954,0.96173,0.73050,2.74266,2.68116,7.57970,0.51515,0.00860
0.20269,0.22520,1.71941,0.77906,2.77090,2.74345,8.44071,0.41667,0.00779
0.26018,0.35121,1.38230,1.36908,2.70657,2.73973,8.80908,0.47619,0.00790
0.19260,0.36886,1.57431,0.66408,2.43633,2.95669,8.19287,0.26667,0.00115
0.28577,0.30106,1.33557,0.89346,2.70386,2.97100,8.49072,0.16667,0.00055
0.33786,0.20363,3.00241,2.79708,2.76252,2.59447,11.69797,0.44444,0.00136
0.22004,0.28007,0.85966,0.46940,2.46355,2.53935,6.83207,0.66667,0.01208
0.18411,0.35972,3.25245,3.15383,2.63805,2.69955,12.28771,0.33333,0.00196
0.29000,0.14851,1.71272,0.69610,2.93045,2.58797,8.36575,0.41667,0.00190
0.27787,0.29202,1.01971,0.71647,2.67711,2.68814,7.67132,0.45000,0.01676
0.20966,0.31441,2.03378,1.73242,2.70068,2.63661,9.62756,0.58333,0.00239
0.25538,0.34536,0.50066,0.52769,3.13782,2.62117,7.38809,0.58333,0.00683
0.27522,0.30518,0.86293,0.71973,2.66255,2.82312,7.64874,0.30303,0.00332
0.19513,0.15977,0.73711,1.71701,2.68234,2.67623,8.16760,0.54167,0.00596
0.21858,0.17310,0.81314,1.59032,2.36166,2.70228,7.85907,0.33333,0.00055
0.22818,0.35690,1.03654,0.77171,2.68506,2.68106,7.75945,0.41026,0.00516
0.30422,0.35199,1.69750,0.63838,2.58149,2.73608,8.30965,0.50000,0.00659
0.26073,0.43093,0.96817,0.71427,2.53835,2.69601,7.60846,0.50000,0.00367
0.16744,0.29311,0.88928,4.48642,2.30299,2.85178,10.99102,0.00000,0.00000
0.22069,0.39173,1.18956,0.91263,2.83599,2.88743,8.43803,0.12500,0.00129
0.20921,0.08944,0.36647,0.12101,2.41267,5.10382,8.30262,1.00000,0.00358
0.26438,0.35699,1.22154,1.00871,2.77274,2.75499,8.37935,0.33333,0.00129
0.25340,0.40039,1.39851,1.47748,2.84490,2.80113,9.17580,0.33333,0.00202
0.29456,0.35046,0.89758,0.62594,2.64574,2.65237,7.46666,0.50000,0.00900
0.22459,0.28359,1.24017,0.83065,2.60315,2.88639,8.06854,0.28205,0.00390
0.21025,0.30442,4.10397,2.11228,2.79996,2.95407,12.48496,0.00000,0.00000
0.18687,0.49609,0.99895,0.83842,2.59835,2.71488,7.83356,0.61111,0.00465
0.20210,0.33834,1.71168,0.64177,2.53254,2.85683,8.28326,0.33333,0.00189
0.13213,0.34440,2.18493,2.19567,2.29600,2.60046,9.75360,0.41667,0.00194
0.27260,0.27686,1.14411,0.47574,2.70549,2.66377,7.53857,0.40000,0.01278
0.33654,0.21590,1.08882,1.26935,2.41134,2.55620,7.87816,0.66667,0.00185
0.21113,0.27467,1.14226,0.84174,2.56022,2.82468,7.85470,0.38889,0.00246
0.24096,0.33093,1.95602,0.71416,2.58825,2.88891,8.71922,0.05556,0.00005
0.35223,0.37335,1.67656,1.37759,2.48422,2.65065,8.91460,0.45833,0.00388
0.19910,0.20489,0.72989,1.26291,2.68744,2.67719,7.76142,0.59259,0.00655
0.42336,0.24147,1.06196,0.78683,2.76556,2.67022,7.94940,0.66667,0.00180
0.22641,0.29189,0.55850,0.92281,2.35353,2.49562,6.84876,0.66667,0.00290
0.20421,0.37830,2.00112,1.50167,2.63831,2.93387,9.65749,0.25000,0.00067
0.19487,0.22707,0.62611,1.40905,2.21627,2.61935,7.29271,0.55556,0.00321
0.26781,0.19662,1.27134,0.78374,2.77260,2.63851,7.93062,0.47222,0.00664
0.21591,0.22109,3.54328,1.65588,2.44594,2.67392,10.75602,0.50000,0.00240
0.21813,0.28226,0.96556,0.76886,2.49046,2.61569,7.34095,0.61538,0.01182
0.29045,0.38101,0.74518,0.80425,2.92209,2.65991,7.80290,0.50000,0.00444
0.23674,0.29330,0.92797,0.73597,2.54112,2.64252,7.37763,0.56140,0.01483
0.17798,0.32256,0.55935,0.78797,2.60333,2.65128,7.10248,0.53333,0.00893
0.34204,0.34463,1.88864,1.21798,2.41260,2.77079,8.97668,0.27778,0.00190
0.20875,0.20115,1.89712,0.68003,2.53481,2.65903,8.18089,0.60606,0.01086
0.30028,0.27192,2.00264,1.02773,2.68002,2.80422,9.08682,0.28571,0.00239
0.16395,0.33282,0.67268,0.64558,2.74812,2.67812,7.24128,0.41667,0.00438
0.16487,0.17735,1.54581,0.84187,2.75513,2.81059,8.29561,0.33333,0.00301
0.17008,0.18171,2.31441,0.85904,2.64269,5.57901,11.74694,0.06667,0.00011
0.19064,0.30233,1.22582,0.48360,2.62957,2.73246,7.56442,0.46154,0.00973
0.27807,0.27352,1.93561,1.48094,2.52577,2.99337,9.48730,0.20000,0.00063
0.27407,0.18662,0.94722,0.88017,2.71121,2.65461,7.65391,0.52381,0.00443
0.20405,0.35444,1.28593,1.03340,2.73110,2.75771,8.36664,0.33333,0.00190
0.24975,0.21654,1.72717,0.77462,2.79609,2.83039,8.59456,0.33333,0.00595
0.25469,0.34516,1.39232,0.99966,2.76859,2.58180,8.34224,0.51852,0.00577
0.16223,0.33670,1.38927,0.45617,2.64418,2.79514,7.78369,0.13333,0.00124
0.24696,0.34446,1.03008,1.02861,2.59115,2.66994,7.91120,0.50000,0.00855
0.41038,0.22759,0.67618,2.52991,2.42469,2.75554,9.02429,0.00000,0.00000
0.21213,0.31383,1.63356,0.58207,2.53822,2.69174,7.97155,0.45833,0.00539
0.28041,0.23892,1.46649,2.33176,2.59061,2.62400,9.53220,0.33333,0.00063
0.17443,0.21914,1.60871,1.17407,2.53955,2.73542,8.45132,0.59259,0.00738
0.21860,0.38348,2.36286,1.29606,2.58976,2.77056,9.62132,0.42857,0.00301
0.22880,0.26233,0.66349,1.10405,2.68722,2.69996,7.64585,0.51515,0.00782
0.22713,0.33400,1.10072,0.96534,2.88200,2.63072,8.13992,0.47222,0.00713
0.25662,0.32383,2.25693,1.10293,2.79442,2.77631,9.51102,0.31481,0.00465
0.33816,0.10891,0.76327,0.80382,2.33837,2.50324,6.85577,0.66667,0.00181
0.26886,0.28456,1.01855,0.55879,2.61078,2.67254,7.41408,0.42105,0.01468
0.25310,0.23840,1.48894,0.73170,2.79454,2.63024,8.13691,0.38095,0.00327
0.25486,0.27858,1.30500,1.39462,2.65695,2.56865,8.45865,0.55556,0.00116
0.10853,0.26491,0.85419,0.71495,2.28528,2.48390,6.71176,0.80000,0.00611
0.25112,0.26951,2.29232,0.99617,2.39196,2.94143,9.14252,0.20000,0.00066
0.24996,0.31815,2.97325,0.85214,2.35416,2.67176,9.41942,0.33333,0.00059
0.22405,0.32919,1.05023,1.79022,2.41521,2.88871,8.69761,0.22222,0.00060
0.20593,0.18481,1.72794,1.00288,2.59522,2.73110,8.44788,0.23810,0.00195
0.28629,0.29059,1.27529,0.73165,2.66947,2.53981,7.79310,0.50000,0.00401
0.24153,0.42714,1.98139,1.84814,2.72122,2.81312,10.03254,0.20833,0.00077
0.22700,0.28091,0.65103,0.57970,2.40881,2.50672,6.65417,0.63333,0.00993
0.28465,0.27497,1.31324,0.49955,2.45755,2.71521,7.54517,0.55556,0.00967
0.13383,0.31513,0.74460,1.18599,2.23101,4.91771,9.52827,0.55556,0.00397
0.20977,0.37186,0.54424,0.80014,2.60924,2.62758,7.16284,0.60000,0.00997
0.20475,0.27122,2.18918,1.79121,2.64271,2.78609,9.88516,0.04762,0.00006
0.37530,0.27086,2.79378,2.54444,2.63760,2.71254,11.33453,0.41667,0.00186
0.11917,0.33561,2.58986,0.44729,2.50016,2.63401,8.62610,0.44444,0.00190
0.23787,0.34028,1.04679,0.84439,2.76106,2.83940,8.06981,0.31250,0.00476
0.16654,0.18774,1.10962,0.67877,2.48392,2.85449,7.48108,0.54167,0.00647
0.22494,0.16511,1.91770,1.00328,2.65097,2.79898,8.76097,0.55556,0.00775
0.13080,0.06196,0.72416,1.90632,2.33925,2.83587,7.99836,0.00000,0.00000
0.18703,0.30966,1.52851,0.86526,2.58340,2.77214,8.24600,0.29167,0.00203
0.18723,0.27612,1.30801,1.28637,2.40114,2.93982,8.39868,0.00000,0.00000
0.40863,0.24393,1.08361,0.80243,2.63137,2.64985,7.81982,0.50000,0.00171
0.20572,0.28294,1.19863,0.92223,2.95791,2.83718,8.40460,0.33333,0.00424
0.23771,0.18956,0.75670,0.47711,2.56167,2.63609,6.85885,0.55556,0.00625
0.25679,0.25956,0.77914,0.59724,2.35686,2.48221,6.73180,0.63333,0.00969
0.24882,0.29032,0.99920,0.57466,2.60307,2.65995,7.37600,0.49206,0.01733
0.26636,0.28089,1.67704,0.63775,2.52000,2.67594,8.05797,0.37500,0.00489
0.23933,0.35004,1.54039,1.43963,2.54609,2.63128,8.74676,0.51282,0.00772
0.20218,0.30238,1.58242,1.72670,2.39503,2.68689,8.89559,0.46667,0.00248
0.29695,0.32212,1.08419,1.01387,2.47008,2.58567,7.77287,0.42857,0.00257
0.27320,0.24227,1.68162,1.16353,2.53540,2.66493,8.56096,0.55556,0.00951
0.27835,0.31370,0.90476,0.52171,2.66434,2.62041,7.30327,0.45238,0.00698
0.19669,0.29136,0.88300,0.82603,2.40147,2.65557,7.25412,0.60000,0.00345
0.33265,0.36134,0.64457,0.74895,2.57398,2.71243,7.37392,0.44444,0.00184
0.27998,0.33741,1.70664,0.82809,2.69721,2.74325,8.59258,0.40000,0.00482
0.27194,0.29608,0.42833,0.66536,2.87429,2.56721,7.10320,0.55556,0.00767
0.18912,0.36218,0.87542,1.41926,2.60612,2.91504,8.36713,0.22222,0.00059
0.15250,0.30975,0.38847,0.35408,2.62975,2.58321,6.41776,0.73333,0.00680
0.25818,0.35996,1.16744,0.69156,2.57168,2.68414,7.73296,0.33333,0.00384
0.23598,0.20717,1.44814,0.88926,2.81575,2.57414,8.17043,0.46667,0.00331
0.12938,0.46443,0.35272,0.24229,2.28176,5.76994,9.24051,0.33333,0.00112
0.21420,0.29511,1.02552,0.68689,2.45427,2.52652,7.20252,0.73333,0.00561
0.17712,0.15441,1.20735,0.87225,2.61631,2.78784,7.81527,0.36667,0.00586
0.25894,0.34718,0.55055,0.60954,2.64372,2.69716,7.10708,0.40741,0.00420
0.21857,0.23355,0.82596,0.93164,2.62038,2.72976,7.55985,0.49020,0.01216
0.23302,0.12645,0.88900,1.13763,2.64731,2.71346,7.74687,0.52381,0.00531
0.21788,0.26929,1.61589,0.56900,2.80154,2.66239,8.13599,0.55556,0.00805
0.30298,0.26237,1.97745,1.03249,2.60749,2.79251,8.97529,0.28571,0.00240
0.20866,0.31500,0.52994,0.64039,2.79063,2.56673,7.05134,0.63333,0.00857
0.29730,0.53444,0.40938,0.69506,2.69717,2.55143,7.18477,0.50000,0.00134
0.27693,0.35339,0.85987,0.77793,2.91772,2.76934,7.95518,0.22222,0.00067
0.24940,0.35897,1.92642,1.45598,2.60278,2.60098,9.19454,0.45455,0.00466
0.35456,0.17373,0.92321,1.72652,2.31034,2.53670,8.02506,0.44444,0.00189
0.19965,0.31928,1.50599,1.66436,2.36540,2.67725,8.73192,0.40000,0.00194
0.17391,0.20786,1.44875,0.55641,2.73144,2.86860,7.98696,0.23333,0.00307
0.32208,0.30711,1.55718,0.65544,2.57780,2.63327,8.05287,0.45455,0.00583
0.50614,0.31149,2.11702,1.89341,2.51875,2.81834,10.16516,0.22222,0.00011
0.19253,0.40794,0.95416,0.76862,2.53194,2.64028,7.49546,0.66667,0.00711
0.19918,0.29395,0.77180,0.39674,2.80003,2.63151,7.09321,0.57576,0.01075
0.16918,0.32097,1.59804,0.67635,2.37619,2.91938,8.06010,0.26667,0.00119
0.20612,0.27202,1.85942,0.69231,2.46768,2.58294,8.08048,0.60606,0.01006
0.22633,0.37361,1.49620,1.01192,2.70407,2.83008,8.64220,0.16667,0.00071
0.23136,0.29778,0.91418,0.75015,2.52649,2.63940,7.35936,0.54386,0.01429
0.37018,0.24441,0.42929,2.17949,2.36668,2.69822,8.28826,0.16667,0.00005
0.27053,0.29134,1.43188,0.89941,2.59074,2.62875,8.11264,0.46667,0.01705
0.15398,0.24314,1.61174,0.94421,2.43528,2.98827,8.37663,0.16667,0.00056
0.17788,0.34175,0.71821,1.42064,2.53704,2.92516,8.12068,0.22222,0.00059
0.29762,0.39955,1.85397,1.55984,2.54393,2.63643,9.29134,0.41667,0.00386
0.21840,0.29614,1.62731,0.81149,2.49791,2.91412,8.36538,0.26667,0.00117
0.29768,0.32465,1.47600,1.09111,2.50715,2.76456,8.46115,0.33333,0.00062
0.20274,0.09408,0.28133,0.08807,2.44403,5.07984,8.19009,1.00000,0.00349
0.30624,0.31449,1.26282,0.86107,2.54753,2.54337,7.83552,0.54167,0.00482
0.17984,0.36964,0.60034,0.56258,2.63166,2.72130,7.06537,0.57576,0.00919
0.20909,0.22031,1.01595,0.45238,2.46039,2.79754,7.15566,0.50000,0.00688
0.23528,0.26059,1.12446,0.64132,2.77978,2.80806,7.84951,0.36111,0.00438
0.18631,0.22741,1.21194,0.80335,2.74810,2.79314,7.97025,0.41667,0.00495
0.24830,0.37882,1.15943,1.11357,2.79472,2.73602,8.43085,0.47917,0.01006
0.17465,0.26263,1.53052,1.66780,2.41463,2.68090,8.73113,0.46667,0.00182
0.28403,0.08727,1.86037,0.82685,2.34426,2.69611,8.09889,0.33333,0.00122
0.21581,0.15710,1.88353,0.62821,2.80080,2.83234,8.51779,0.43333,0.00698
0.28245,0.34399,1.99727,0.83070,2.40268,2.73231,8.58942,0.51852,0.00652
0.27697,0.26903,0.92791,1.11365,2.80068,2.62645,8.01469,0.33333,0.00277
0.18473,0.30354,0.59140,0.48734,2.26019,2.47433,6.30153,0.88889,0.00437
0.13236,0.33689,3.19387,1.38781,2.33477,2.68003,10.06572,0.44444,0.00106
0.32518,0.38260,1.70547,2.27533,2.62549,2.53158,9.84564,0.33333,0.00019
0.29680,0.29452,1.25359,0.70170,2.83411,2.73337,8.11409,0.38462,0.00628
0.17424,0.34088,0.53976,1.10247,2.87646,2.68685,7.72065,0.41667,0.00308
0.17657,0.17156,1.92342,0.90291,2.45931,2.81859,8.45237,0.50000,0.00655
0.19418,0.48351,0.93326,0.63942,2.59790,2.69438,7.54265,0.61111,0.00471
0.23832,0.25763,0.57972,0.73698,2.40721,2.50898,6.72883,0.69697,0.01259
0.23294,0.33728,0.94548,0.64585,2.64900,2.65757,7.46813,0.43590,0.00636
0.28480,0.31324,1.99169,2.13900,2.62185,2.84820,10.19878,0.00000,0.00000
0.14176,0.23542,0.71130,2.22739,2.20223,2.55906,8.07718,0.41667,0.00203
0.58013,0.40338,0.62671,0.70768,2.44202,2.52948,7.28940,0.33333,0.00011
0.31310,0.27750,2.01548,1.75261,2.65361,2.73673,9.74903,0.33333,0.00192
0.21927,0.25287,1.80895,0.66465,2.51037,2.77113,8.22724,0.40741,0.00542
0.20201,0.22949,0.99360,1.51955,2.61983,2.68006,8.24455,0.39394,0.00496
0.28033,0.37487,0.32425,0.21298,2.44264,2.71288,6.34794,0.33333,0.00136
0.22820,0.29368,1.36616,0.84836,2.52639,2.64566,7.90844,0.33333,0.00396
0.26946,0.32905,1.07701,0.71822,2.67893,2.71333,7.78600,0.43056,0.01632
0.17458,0.08792,0.50762,0.21722,2.28033,4.95324,8.22091,1.00000,0.00371
0.23849,0.25934,1.37763,0.57128,2.53336,2.58000,7.56009,0.62222,0.01454
0.24058,0.31854,1.32696,1.13363,2.39918,2.51086,7.92974,0.62963,0.00672
0.30718,0.33790,1.09865,0.81958,2.70351,2.53492,7.80174,0.38095,0.00338
0.23530,0.34688,0.59979,0.69858,2.86175,2.55308,7.29539,0.58333,0.00620
0.16530,0.32212,0.82199,0.65803,2.56156,2.62849,7.15749,0.60000,0.00429
0.18609,0.26491,4.10425,1.92363,2.53548,2.64476,11.65914,0.33333,0.00069
0.20924,0.36374,0.97218,0.85320,2.86292,2.76458,8.02586,0.33333,0.00325
0.23669,0.22061,1.02881,2.12705,2.43671,2.89686,8.94673,0.22222,0.00058
0.21673,0.21332,1.57872,1.07453,2.57127,2.57154,8.22611,0.66667,0.00373
0.27857,0.36949,1.21062,1.10994,2.54901,2.73145,8.24909,0.38095,0.00249
0.19075,0.34986,2.05594,2.33780,2.32259,2.65650,9.91345,0.33333,0.00056
0.34474,0.31637,1.45434,0.76453,2.28777,2.65321,7.82096,0.47619,0.00442
0.27642,0.24289,2.12031,0.90448,2.64752,2.90363,9.09524,0.22222,0.00240
0.16784,0.15092,1.44603,0.71422,2.60140,2.77780,7.85821,0.36667,0.00585
0.20185,0.39426,1.31661,0.70556,2.42294,2.70947,7.75069,0.42857,0.00384
0.20225,0.20115,1.15426,1.05097,2.16821,2.55658,7.33341,0.44444,0.00284
0.18296,0.39580,0.46537,0.50506,2.47107,2.86168,6.88194,0.33333,0.00110
0.17350,0.25252,2.58862,0.72658,2.87161,2.81538,9.42820,0.28571,0.00358
0.17886,0.16911,0.80429,0.47626,2.45608,2.67453,6.75913,0.54167,0.00603
0.19493,0.33965,1.04992,0.58201,2.48009,2.70029,7.34688,0.61111,0.01213
0.20034,0.20636,0.88872,0.64038,2.77437,2.73673,7.44690,0.50000,0.00618
0.25312,0.30169,0.88790,0.71950,2.52775,2.83060,7.52055,0.30556,0.00387
0.30161,0.42501,0.87859,0.58852,2.48694,2.81378,7.49445,0.33333,0.00061
0.20133,0.17173,0.52688,1.44103,2.48880,2.56891,7.39868,0.62500,0.00732
0.27921,0.33721,1.36960,1.28283,2.42317,2.61395,8.30597,0.45238,0.00849
0.26320,0.23020,0.80124,0.43399,2.61901,2.64439,6.99203,0.52381,0.01028
0.28299,0.40948,1.68504,1.46520,2.51060,2.61097,8.96428,0.41667,0.00382
0.21230,0.22573,1.32115,0.45885,2.87708,2.76465,7.85976,0.16667,0.00139
0.27851,0.34899,0.53053,0.90931,2.19768,2.42149,6.68651,0.50000,0.00205
0.27753,0.28889,1.21682,0.61867,2.51971,5.20264,10.12426,0.44444,0.02990
0.11880,0.33795,0.96375,1.00920,2.39317,2.64691,7.46977,0.53333,0.00231
0.30355,0.29347,0.74704,0.40628,2.46105,2.68783,6.89923,0.33333,0.00634
0.24922,0.35009,0.99615,0.33821,2.47898,2.64552,7.05817,0.54762,0.01126
0.29848,0.27228,1.28859,1.67889,2.24728,2.46474,8.25027,0.66667,0.00183
0.29315,0.39445,1.70869,1.86038,2.78805,2.82151,9.86622,0.11111,0.00013
0.16294,0.22956,0.41859,0.68728,2.37746,2.78010,6.65593,0.61905,0.00658
0.26889,0.37195,1.00283,0.66163,2.24304,2.39761,6.94594,0.54167,0.00563
0.23418,0.39771,1.12600,0.81727,2.64433,2.69303,7.91252,0.47619,0.00517
0.23904,0.26142,2.16144,0.88882,2.29329,2.91459,8.75860,0.20000,0.00064
0.26480,0.30477,0.96743,0.55969,2.65237,2.68457,7.43363,0.46667,0.01809
0.26046,0.18347,1.24636,0.72718,2.61190,2.56704,7.59640,0.52778,0.00789
0.22988,0.34455,1.19515,0.84282,2.57615,2.71060,7.89916,0.39583,0.00930
0.22332,0.27151,1.44361,1.35679,2.24632,2.92005,8.46161,0.08333,0.00050
0.20804,0.23094,2.84136,0.92403,2.53012,2.63765,9.37214,0.41667,0.00116
0.21839,0.31045,1.66393,1.29951,2.44180,2.58613,8.52020,0.41667,0.00198
0.36249,0.30989,1.30457,1.52550,2.44170,2.41978,8.36393,0.33333,0.00019
0.34520,0.32478,0.41906,1.53007,2.29346,2.50618,7.41875,0.55556,0.00195
0.18298,0.24239,2.40126,0.58921,2.86522,2.78202,9.06308,0.28571,0.00359
0.22872,0.29817,0.60764,0.47052,2.68119,2.67516,6.96140,0.46667,0.00608
0.21488,0.31713,0.91253,0.96259,2.55513,2.69908,7.66133,0.28571,0.00266
0.22962,0.29098,2.10746,1.06762,2.82915,2.83093,9.35575,0.33333,0.00238
0.21603,0.31557,0.67883,0.37867,2.40253,2.55229,6.54392,0.66667,0.01058
0.27318,0.30585,1.48749,1.43557,2.28689,2.51331,8.30229,0.52381,0.00451
0.25447,0.31862,1.10934,0.92821,2.27440,2.60749,7.49254,0.53333,0.00291
0.30606,0.21462,2.35638,1.90009,2.38232,2.86393,10.02339,0.11111,0.00006
0.24391,0.22320,1.98691,0.77968,2.55331,2.49461,8.28163,0.45833,0.00411
0.20839,0.26080,0.72632,0.73977,2.30329,2.43068,6.66926,0.61111,0.01152
0.16990,0.18678,0.99198,1.16880,2.47891,2.72234,7.71871,0.33333,0.00334
0.18181,0.13837,0.50564,1.08955,2.45220,2.51013,6.87770,0.70833,0.01004
0.16030,0.16390,1.71644,0.87580,2.53521,5.53893,10.99059,0.06667,0.00012
0.30270,0.10901,0.50512,0.55392,2.12256,2.37691,5.97022,0.66667,0.00186
0.18051,0.25018,0.49133,0.80324,2.51443,2.55182,6.79151,0.70833,0.01639
0.26229,0.16171,1.75897,2.10664,2.79094,2.61000,9.69055,0.11111,0.00006
0.20665,0.32059,2.11920,1.77884,2.43493,2.92802,9.78823,0.13333,0.00059
0.26805,0.30390,0.76942,0.64800,2.47257,2.53641,6.99835,0.40000,0.00377
0.31354,0.45336,0.84798,0.43765,2.35775,2.40289,6.81316,0.53333,0.00168
0.28297,0.35159,1.22802,1.26832,2.46955,2.52214,8.12259,0.50000,0.00198
0.18885,0.26628,1.73939,3.35159,2.09248,2.80296,10.44155,0.00000,0.00000
0.17486,0.33109,0.41740,0.39519,2.76086,2.70819,6.78759,0.53333,0.00394
0.27285,0.31867,0.94788,0.50168,2.40629,2.54777,6.99514,0.45833,0.01780
0.22583,0.29630,0.89729,0.62826,2.60098,2.79695,7.44561,0.36364,0.00367
0.21951,0.26981,1.02600,0.83606,2.37861,2.47102,7.20100,0.61905,0.01298
0.17606,0.29721,0.99926,0.55110,2.12028,2.72877,6.87270,0.38095,0.00315
0.20314,0.16511,1.11005,1.15442,2.43745,2.55163,7.62179,0.66667,0.00913
0.24273,0.36368,1.21625,1.20222,2.44326,2.75695,8.22511,0.29167,0.00133
0.23291,0.30977,0.80479,0.50346,2.61682,2.64074,7.10849,0.39394,0.00608
0.28791,0.37462,1.20467,0.29509,2.06184,2.68007,6.90420,0.38095,0.00303
0.26047,0.32202,1.10474,0.87423,2.46769,2.50410,7.53325,0.50000,0.01081
0.35990,0.21786,0.16828,0.57827,2.08299,2.33405,5.74135,0.55556,0.00204
0.20071,0.14609,0.85791,0.49475,2.22067,2.58263,6.50276,0.69444,0.01333
0.32901,0.20600,2.06385,1.77002,2.26792,2.84477,9.48157,0.11111,0.00007
0.28520,0.31611,0.84021,0.71261,2.82712,2.67029,7.65153,0.22222,0.00068
0.10578,0.28018,2.55366,0.44234,2.08969,2.48980,7.96145,0.75000,0.00557
0.16744,0.19379,1.71673,0.77695,2.32802,2.81686,7.99979,0.08333,0.00014
0.17402,0.28109,1.37874,0.82928,2.20046,2.80595,7.66954,0.06667,0.00006
0.17945,0.22652,0.94784,2.11014,2.30803,2.53809,8.31006,0.16667,0.00007
0.17583,0.23784,0.73433,0.59562,2.51637,2.72373,6.98372,0.45833,0.00546
0.33839,0.25769,1.56215,0.53973,2.35475,2.78056,7.83326,0.20833,0.00182
0.18470,0.24970,2.15264,0.83177,2.33102,2.48964,8.23947,0.62963,0.00834
0.29443,0.34218,1.03956,0.75477,2.23376,4.76140,9.42609,0.61111,0.00856
0.11425,0.31649,0.89534,0.74874,1.95064,2.23063,6.25609,0.73333,0.00640
0.16757,0.12952,1.06127,0.92247,2.38497,2.66550,7.33130,0.43333,0.00717
0.23124,0.36851,1.04978,1.19839,2.35998,2.67732,7.88522,0.38095,0.00394
0.34806,0.22707,1.04405,1.11784,2.07876,2.55891,7.37469,0.50000,0.00251
0.25959,0.28098,0.99864,0.54963,2.31419,2.53715,6.94020,0.45614,0.01460
0.38915,0.29952,0.33572,0.27975,2.05872,2.68572,6.04858,0.22222,0.00014
0.18292,0.31917,1.66348,1.41057,2.42905,2.43233,8.43751,0.50000,0.00310
0.22523,0.47938,0.80966,0.64986,2.19665,2.31318,6.67396,0.53333,0.00169
0.19554,0.25620,0.79897,0.71383,2.60588,2.71588,7.28629,0.33333,0.00373
0.26642,0.31869,1.38388,0.66332,2.24675,2.40584,7.28490,0.50000,0.00704
0.23924,0.17525,1.24856,0.83019,2.26235,2.40112,7.15671,0.68889,0.01464
0.29087,0.27598,1.85966,2.07059,2.03157,2.52086,9.04953,0.16667,0.00007
0.24336,0.30709,0.62624,0.38641,2.26690,2.65487,6.48486,0.48485,0.00622
0.21196,0.18936,0.80569,0.42233,2.20311,2.68603,6.51849,0.42424,0.00691
0.22226,0.28170,0.77191,1.02985,2.34848,2.48483,7.13902,0.59649,0.01469
0.15434,0.22389,0.26047,0.26081,2.50002,2.46934,5.86887,0.75000,0.00571
0.21168,0.21438,2.00865,0.80280,2.41222,2.65762,8.30735,0.26667,0.00070
0.15547,0.28187,1.98416,0.47209,2.33500,2.75352,7.98211,0.11111,0.00051
0.26343,0.29560,0.58996,0.65156,2.49565,2.52421,6.82042,0.51852,0.00614
0.24858,0.36007,1.00013,0.99814,2.11428,2.52944,7.25064,0.46667,0.00246
0.29819,0.33246,1.49296,0.61457,2.12039,2.51948,7.37804,0.37500,0.00302
0.26246,0.25207,1.04753,0.85221,2.41314,2.55556,7.38297,0.58333,0.00276
0.25508,0.22345,1.31082,0.57817,2.23604,2.59733,7.20090,0.40741,0.00442
0.22601,0.28093,1.92467,1.06017,2.50266,2.82815,8.82259,0.30769,0.00369
0.26437,0.31348,1.22884,1.06629,2.19868,2.32054,7.39219,0.54167,0.00361
0.23327,0.27802,2.39694,2.59247,2.21373,2.75103,10.46545,0.00000,0.00000
0.31471,0.26247,1.95723,1.44753,2.35270,2.31522,8.64986,0.47619,0.00296
0.14228,0.18430,0.42634,0.37090,2.09084,2.50285,5.71751,0.33333,0.00053
0.17555,0.33999,0.30887,0.24419,2.25480,2.48089,5.80429,0.69697,0.01100
0.17674,0.40372,0.22865,0.08779,1.95170,5.58760,8.43619,0.33333,0.00097
0.28719,0.20099,1.60042,1.10529,2.08853,2.55469,7.83711,0.55556,0.00732
0.22301,0.16029,1.17578,0.53445,2.18924,2.61135,6.89412,0.55556,0.00733
0.26972,0.28026,1.18668,0.82651,2.25411,2.68508,7.50237,0.33333,0.00337
0.21546,0.23272,1.48782,2.12234,2.27063,2.73131,9.06028,0.33333,0.00197
0.25530,0.22144,1.55882,1.27083,2.29293,2.29842,7.89774,0.54167,0.00517
0.27372,0.31510,1.54460,0.60415,2.16235,2.40949,7.30941,0.57143,0.00465
0.24907,0.36663,1.51943,1.09865,2.09005,2.35442,7.67826,0.53846,0.00734
0.21527,0.24200,2.52234,1.31457,2.01408,2.20465,8.51290,0.69697,0.01297
0.11595,0.30752,0.20993,0.21296,1.90252,2.46327,5.21214,0.53333,0.00207
0.16367,0.19508,0.67468,1.00892,2.10505,2.38705,6.53446,0.69697,0.01302
0.16957,0.33174,2.61289,2.79491,2.41405,2.62703,10.95018,0.33333,0.00182
0.18271,0.21820,0.87727,0.74788,2.12132,2.64744,6.79482,0.37500,0.00310
0.11336,0.20256,0.86887,0.33150,2.21296,2.45419,6.18344,0.33333,0.00050
0.28813,0.28517,0.69105,0.38949,2.36339,2.46958,6.48681,0.50000,0.00469
0.28593,0.34464,0.65365,0.66056,2.44143,2.47326,6.85947,0.36667,0.00299
0.25343,0.26646,1.64735,0.86775,2.12474,2.40120,7.56093,0.48333,0.01013
0.19404,0.26130,1.38504,0.72791,1.97443,2.86261,7.40532,0.26667,0.00099
0.36155,0.21220,1.15511,0.60259,2.15392,2.61211,7.09748,0.23810,0.00344
0.21953,0.36083,1.05191,0.78397,2.18212,2.53844,7.13681,0.47619,0.00490
0.18385,0.22124,0.84937,0.46878,2.02731,2.92975,6.68029,0.14286,0.00184
0.15716,0.14577,1.23159,2.21736,2.24019,2.72410,8.71616,0.11111,0.00048
0.15296,0.27460,1.64119,0.55719,2.23506,2.72522,7.58623,0.11111,0.00048
0.26321,0.14268,1.48760,2.29539,2.47767,2.46922,9.13577,0.22222,0.00017
0.18243,0.39133,1.72056,1.10021,2.54204,2.41965,8.35621,0.53846,0.00702
0.28341,0.28624,1.12660,0.45636,2.33518,2.49086,6.97865,0.45833,0.00595
0.19609,0.34647,1.61272,1.56724,2.22255,2.50663,8.45170,0.33333,0.00117
0.23322,0.30985,0.45461,0.41542,2.51271,2.42085,6.34666,0.55556,0.00576
0.19557,0.16855,0.54992,0.72039,2.15539,2.47116,6.26099,0.66667,0.00981
0.22947,0.30122,0.79800,0.99403,1.90654,2.21097,6.44023,0.50000,0.00241
0.26209,0.31392,0.78171,0.54717,2.01379,4.41852,8.33720,0.55556,0.00873
0.19119,0.20209,1.58773,0.63976,2.21638,2.67337,7.51053,0.26667,0.00067
0.23433,0.27551,0.78830,0.57987,2.18646,2.72609,6.79056,0.30556,0.00316
0.15945,0.22547,0.92826,1.70594,1.81266,2.31614,7.14793,0.41667,0.00227
0.17287,0.19091,0.64586,0.59470,2.52169,2.54636,6.67239,0.51852,0.00624
0.30117,0.24160,0.51896,0.17378,1.82370,2.79208,5.85129,0.33333,0.00214
0.17692,0.30168,2.39861,1.88884,2.32810,2.81393,9.90809,0.00000,0.00000
0.24374,0.30150,1.16810,1.01446,2.03463,2.20938,6.97180,0.58333,0.00407
0.24487,0.23427,1.95993,1.22513,2.23958,2.31098,8.21477,0.47619,0.00367
0.28465,0.21340,0.89437,1.13447,2.15968,2.51780,7.20437,0.44444,0.00211
0.15294,0.29953,0.71727,0.82436,1.97373,2.40645,6.37427,0.60000,0.00338
0.24960,0.28942,0.90002,0.28140,2.24962,2.47721,6.44727,0.50000,0.00461
0.16774,0.20473,0.76867,1.50230,2.14616,2.36987,7.15948,0.70833,0.00940
0.26506,0.23277,1.09385,0.85198,2.08515,2.30000,6.82881,0.55556,0.00693
0.22498,0.43764,0.83147,0.32711,2.11097,2.16955,6.10171,0.53333,0.00153
0.21621,0.27941,1.39854,0.59068,2.00904,2.44137,6.93525,0.50000,0.00516
0.27695,0.29756,1.11839,0.68407,2.20942,2.64040,7.22679,0.25000,0.00383
0.26570,0.16090,0.97051,1.01725,1.92199,2.56660,6.90296,0.61905,0.00798
0.24367,0.16264,1.04982,1.09077,1.90976,2.44307,6.89973,0.58333,0.00584
0.22797,0.27891,1.61887,1.23003,2.17894,2.30253,7.83725,0.57143,0.01532
0.16786,0.28248,0.91129,0.89084,2.02275,2.34012,6.61534,0.56667,0.01089
0.17118,0.24735,0.96374,1.19807,2.20152,2.67696,7.45881,0.14286,0.00077
0.25194,0.27182,0.44810,0.48080,2.35767,2.41283,6.22315,0.59259,0.00701
0.21732,0.25279,0.61531,0.46347,2.36924,2.76197,6.68010,0.28571,0.00135
0.34806,0.38511,1.28151,0.42465,1.83184,2.45516,6.72633,0.38889,0.00252
0.23591,0.24917,1.18125,0.73951,2.11378,2.22862,6.74825,0.66667,0.00320
0.13398,0.17968,0.49015,0.56070,1.86119,2.15619,5.38189,0.83333,0.00269
0.24931,0.28284,1.14622,0.51598,2.11436,2.40544,6.71415,0.50725,0.01421
0.15015,0.17407,0.28381,0.43760,1.81286,2.13321,4.99170,0.73333,0.00498
0.17454,0.28566,0.51586,0.76816,1.86816,2.52692,6.13930,0.27778,0.00406
0.49919,0.29565,0.33002,0.31666,1.96545,4.43031,7.83729,0.33333,0.00019
0.11245,0.24945,1.52135,0.23525,2.02675,2.34281,6.48807,0.44444,0.00082
0.29717,0.32487,1.18979,0.41713,1.76809,2.41758,6.41462,0.38889,0.00142
0.12670,0.19180,0.22901,1.42628,1.73224,2.27626,5.98230,0.58333,0.00299
0.20776,0.10474,1.10193,0.80014,2.14590,2.40469,6.76515,0.66667,0.00905
0.16457,0.19750,0.60071,0.35173,1.93946,2.70608,5.96005,0.20000,0.00194
0.22404,0.25103,1.18804,1.78903,1.95109,2.37686,7.78008,0.41667,0.00203
0.25909,0.23058,1.44232,1.05529,2.10888,2.19677,7.29294,0.68889,0.01450
0.17935,0.31132,0.60488,0.58538,2.12089,2.48079,6.28261,0.42857,0.00304
0.20453,0.11593,0.57620,0.30755,1.92359,2.46335,5.59114,0.62500,0.00696
0.26142,0.26435,1.23007,0.49615,2.10811,2.42089,6.78099,0.40351,0.01023
0.30401,0.34768,1.23671,1.18158,1.87515,2.79927,7.74440,0.25000,0.00055
0.24386,0.41087,1.11138,0.84148,1.99961,2.13971,6.74690,0.50000,0.00258
0.19193,0.30025,1.42951,0.45446,2.00366,2.23073,6.61054,0.63636,0.01052
0.23489,0.30438,1.40744,1.05117,2.44212,2.47934,7.91934,0.39583,0.00610
0.23377,0.26344,1.14004,0.55571,2.33567,2.28767,6.81630,0.61538,0.01016
0.33343,0.45792,0.86062,2.30626,1.82278,2.53732,8.31833,0.16667,0.00010
0.23215,0.23365,0.96658,0.80100,2.13560,2.45346,6.82244,0.58333,0.01032
0.15570,0.29845,0.77625,0.96498,1.93791,2.49122,6.62452,0.19048,0.00196
0.19542,0.23009,0.86989,0.69123,2.08203,2.45984,6.52849,0.55556,0.00534
0.30967,0.28345,0.93593,0.40827,1.98757,2.39013,6.31503,0.44444,0.00271
0.22268,0.26130,1.22761,0.69855,2.29691,2.61016,7.31720,0.41026,0.00756
0.31671,0.40954,0.61284,0.86857,2.06364,2.49274,6.76405,0.44444,0.00190
0.17030,0.30370,0.55753,0.52899,1.75322,2.77067,6.08440,0.41667,0.00246
0.23036,0.23271,1.19943,0.43545,1.74194,2.86624,6.70612,0.20000,0.00054
0.25643,0.25464,1.13008,0.79690,2.01990,2.76106,7.21902,0.18519,0.00199
0.21455,0.26509,0.87713,1.05608,1.93161,2.35627,6.70073,0.36364,0.00361
0.30702,0.30022,0.68565,0.57513,1.82950,2.10999,5.80751,0.61905,0.00399
0.18438,0.24490,0.66752,0.85335,1.75900,2.54438,6.25354,0.38889,0.00134
0.16994,0.19391,0.56789,0.90134,1.96189,2.18940,5.98438,0.88889,0.01437
0.21156,0.06848,1.45908,4.56854,1.67347,5.62202,13.60314,0.00000,0.00000
0.21858,0.22238,0.76667,0.69384,2.65443,2.51641,7.07230,0.38889,0.00243
0.19230,0.17749,1.00240,1.62312,2.14636,2.52666,7.66832,0.52381,0.00697
0.21959,0.29781,0.69010,0.72735,2.32782,2.50591,6.76858,0.44444,0.00470
0.29956,0.31357,0.70125,0.59539,1.82439,2.12700,5.86117,0.52381,0.00329
0.22319,0.34170,1.59803,1.05900,1.79017,2.77569,7.78778,0.25000,0.00054
0.20796,0.24354,1.35522,1.26621,1.99517,2.65772,7.72582,0.40000,0.00233
0.24754,0.28233,1.44461,0.52332,2.14399,2.65055,7.29233,0.20833,0.00095
0.17745,0.36125,1.06236,1.04234,1.86086,2.69559,7.19985,0.00000,0.00000
0.27625,0.30297,0.52319,0.33437,1.99231,2.51962,5.94869,0.50000,0.00544
0.25681,0.20497,0.57974,1.65918,1.82248,2.70750,7.23067,0.22222,0.00046
0.20178,0.32709,0.92417,1.05060,1.94554,2.18233,6.63151,0.66667,0.00279
0.16793,0.13095,0.66345,1.27670,1.96068,2.24896,6.44866,0.66667,0.00895
0.13401,0.14825,0.59438,1.04286,1.70799,2.27032,5.89781,0.66667,0.00413
0.23190,0.24973,0.56714,0.44029,2.36813,2.44768,6.30488,0.42424,0.00548
0.23290,0.28875,0.95709,0.66000,1.90834,2.21935,6.26642,0.65079,0.02060
0.19883,0.16080,0.95406,0.62812,1.90228,2.28974,6.13383,0.44444,0.00091
0.24306,0.27390,1.19269,0.46652,1.98358,2.47685,6.63660,0.45238,0.01472
0.16879,0.23942,1.03957,0.51992,1.68738,2.69898,6.35406,0.33333,0.00086
0.23286,0.23792,1.39212,0.58732,1.93367,2.37689,6.76077,0.58333,0.00559
0.31286,0.24592,0.21011,0.48819,1.69633,2.07126,5.02468,0.83333,0.00264
0.26874,0.31509,1.15446,0.27516,1.69925,2.37976,6.09248,0.57143,0.00665
0.23017,0.36098,0.50816,0.51047,1.83343,2.07742,5.52064,0.61111,0.00611
0.24539,0.26758,0.67693,0.68959,2.04319,2.16570,6.08838,0.66667,0.00791
0.24317,0.27322,0.83960,0.76975,1.93538,2.31545,6.37658,0.44444,0.00285
0.10529,0.26800,1.51299,0.39111,1.82305,2.29882,6.39926,0.55556,0.00236
0.22433,0.24265,1.12439,0.97122,1.86628,2.61059,7.03946,0.41667,0.00338
0.15329,0.32267,0.83222,0.74062,2.29987,2.45602,6.80469,0.57576,0.00820
0.20581,0.13890,1.09330,0.74563,2.16639,2.42824,6.77827,0.45455,0.00831
0.24816,0.23832,0.65559,0.50201,1.83715,2.23693,5.71816,0.66667,0.01133
0.14254,0.24043,0.49537,0.67538,1.70884,4.79923,8.06179,0.50000,0.00496
0.26006,0.37079,0.95001,0.91060,1.70308,2.76131,6.95586,0.16667,0.00026
0.22075,0.21670,0.50996,0.42593,1.78902,2.36585,5.52821,0.66667,0.01388
0.24297,0.28154,0.93722,1.33428,1.72755,2.22389,6.74746,0.47619,0.00347
0.37349,0.32942,1.93224,0.52545,1.70085,2.41859,7.28003,0.44444,0.00486
0.28915,0.20812,1.18037,0.83863,1.89475,2.59126,7.00229,0.14286,0.00175
0.20963,0.30017,0.65746,0.52893,2.09644,2.67743,6.47007,0.44444,0.00832
0.26575,0.34646,1.18458,0.97186,1.84696,2.32188,6.93750,0.50000,0.00950
0.19851,0.23767,0.37580,0.98412,1.62709,2.06963,5.49281,0.60000,0.00474
0.17672,0.19878,0.57941,1.11707,2.12647,2.39204,6.59049,0.39394,0.00901
0.15002,0.14250,0.45484,0.43146,1.73409,2.27193,5.18484,0.76667,0.01245
0.25730,0.24952,1.75422,0.43824,1.67152,2.32314,6.69394,0.44444,0.00086
0.22786,0.30535,0.40111,0.45031,2.38090,2.26362,6.02916,0.58333,0.00713
0.23847,0.31309,1.39792,1.47913,1.86518,2.67873,7.97251,0.16667,0.00023
0.30029,0.20404,1.44921,0.40260,1.89762,2.25133,6.50510,0.66667,0.00675
0.22445,0.28845,0.77003,0.28033,1.93054,2.31826,5.81206,0.61728,0.03181
0.23232,0.24673,0.89630,0.72637,1.95781,2.27261,6.33214,0.47619,0.00345
0.22743,0.19272,0.83862,0.62685,2.22931,2.44106,6.55599,0.60000,0.01113
0.25412,0.28828,0.71680,0.52296,1.97834,2.29812,6.05862,0.58333,0.00488
0.21792,0.30829,1.21802,0.70084,1.87616,2.65939,6.98062,0.33333,0.00363
0.25126,0.29512,0.64687,0.30652,2.03378,2.34823,5.88178,0.59259,0.00726
0.20022,0.30983,0.92379,0.99719,1.84088,2.14240,6.41431,0.66667,0.00331
0.16566,0.19022,1.25536,0.93820,1.95566,2.44354,6.94864,0.16667,0.00074
0.21425,0.37091,0.66266,0.48036,1.89515,2.28031,5.90365,0.61111,0.00674
0.18470,0.19491,0.68481,0.32550,2.35832,2.58705,6.33529,0.28571,0.00424
0.13536,0.09647,0.38874,0.83703,1.78232,2.45662,5.69653,0.66667,0.00986
0.18662,0.22669,0.65952,0.62603,1.92496,2.44515,6.06897,0.70833,0.01073
0.24457,0.21313,0.55574,1.63177,1.71775,2.67901,7.04196,0.22222,0.00048
0.25038,0.30233,0.61717,0.34566,1.69014,2.05492,5.26059,0.70833,0.00945
0.18648,0.13663,0.81124,0.41628,2.23630,2.15703,5.94396,0.66667,0.00518
0.14630,0.24258,0.27348,0.39975,1.62193,4.74655,7.43060,0.58333,0.00651
0.22177,0.37537,0.72533,0.48853,1.85947,2.29397,5.96444,0.55556,0.00734
0.16681,0.22299,0.62646,0.48245,1.73941,2.56436,5.80247,0.45833,0.00444
0.13246,0.19850,0.63241,0.27032,1.63894,2.04135,4.91398,1.00000,0.00871
0.18719,0.24216,0.51239,0.53542,2.19707,2.80143,6.47567,0.38095,0.00457
0.24727,0.24182,0.93446,0.53086,1.87369,2.37665,6.20475,0.51852,0.00510
0.28109,0.25788,0.98251,0.39387,2.12331,2.42292,6.46159,0.50000,0.03315
0.24360,0.27805,0.37055,0.70170,1.59436,2.04827,5.23653,0.50000,0.00320
0.17474,0.14322,0.56242,0.35767,1.70437,2.28928,5.23169,0.70833,0.01026
0.18948,0.27192,0.73831,0.48385,1.72484,2.15087,5.55928,0.63333,0.01323
0.16251,0.26683,0.53282,0.97166,1.70426,2.80984,6.44793,0.00000,0.00000
0.14250,0.23073,0.97990,1.02287,1.82651,2.43949,6.64200,0.22222,0.00087
0.28435,0.29658,0.69101,0.53824,1.84485,2.12380,5.77884,0.59259,0.00687
0.27669,0.28035,1.11656,0.74952,1.65170,2.36174,6.43655,0.47619,0.00379
0.19293,0.16440,0.80581,0.53431,1.73185,2.19435,5.62364,0.76190,0.02249
0.24638,0.11661,0.55587,0.59492,1.89525,2.07014,5.47917,0.75000,0.00417
0.09702,0.19798,0.77245,0.36391,1.85128,2.25211,5.53475,0.50000,0.00267
0.24674,0.28665,1.12464,0.64190,1.81211,2.46119,6.57323,0.30556,0.00249
0.25776,0.14591,0.98884,0.75864,2.20805,2.54121,6.90041,0.54167,0.01020
0.19905,0.11084,0.72179,3.71672,1.58194,2.69239,9.02273,0.00000,0.00000
0.26521,0.29002,0.69645,0.92266,1.61746,2.15381,5.94561,0.47619,0.00409
0.25369,0.36722,0.85087,0.69275,1.80046,2.45504,6.42002,0.38095,0.00356
0.12338,0.26110,0.84892,0.32362,1.72787,2.60149,5.88637,0.33333,0.00092
0.28564,0.24591,1.39737,0.61616,1.71490,2.21816,6.47814,0.57143,0.00672
0.21004,0.29250,1.06719,1.05450,1.87031,2.41343,6.90797,0.33333,0.00320
0.22972,0.31540,1.02991,0.70803,1.78762,2.19876,6.26944,0.64286,0.01340
0.19828,0.24820,0.76742,0.63112,1.96469,2.56336,6.37307,0.46154,0.00977
0.17299,0.20665,0.68561,0.38671,2.22038,2.61643,6.28877,0.38889,0.00583
0.38988,0.27503,0.67917,0.77203,1.55706,2.79079,6.46395,0.16667,0.00027
0.16975,0.18479,0.62379,0.90870,1.76819,2.21155,5.86677,0.72727,0.01666
0.24301,0.26160,0.35964,0.31039,2.41079,4.34401,7.92944,0.66667,0.01837
0.19939,0.24592,1.10347,0.53974,1.74728,2.27486,6.11065,0.60000,0.00613
0.15159,0.18494,1.11872,0.76759,1.76451,2.73537,6.72271,0.12500,0.00070
0.19125,0.12888,0.82508,1.03878,1.80750,2.18526,6.17675,0.75000,0.01612
0.26919,0.27929,0.87937,0.40906,1.72794,2.33361,5.89847,0.57895,0.02688
0.26829,0.19608,1.35083,0.57544,1.78986,2.37825,6.55876,0.48485,0.01483
0.15761,0.20581,0.86451,0.45028,1.79162,2.58858,6.05841,0.36667,0.00850
0.23116,0.14380,0.65700,0.98324,1.64866,2.50169,6.16554,0.61905,0.01145
0.18654,0.15590,0.34684,0.69477,2.09267,2.20513,5.68185,0.60000,0.00835
0.20468,0.27859,0.72918,0.24616,1.64178,2.14244,5.24284,0.73333,0.01579
0.24468,0.23529,0.59052,0.45128,2.39572,2.15156,6.06906,0.59259,0.00793
0.25060,0.27260,0.23251,0.39990,1.61375,2.71259,5.48196,0.11111,0.00014
0.10428,0.17069,0.57466,0.33225,1.56844,2.29660,5.04692,0.44444,0.00524
0.33151,0.21781,0.77000,0.42086,1.55619,2.04249,5.33886,0.66667,0.00291
0.29929,0.34420,0.67065,0.93368,1.81886,2.06046,6.12714,0.55556,0.00111
0.17651,0.26678,1.06852,0.48462,1.69361,2.53703,6.22706,0.41667,0.00438
0.14677,0.33109,0.29866,0.61322,1.65037,2.35744,5.39754,0.46667,0.00361
0.27248,0.16439,0.63774,0.63020,1.61971,2.00000,5.32453,0.66667,0.00307
0.23026,0.36543,0.46584,0.36492,1.66266,2.06282,5.15194,0.66667,0.01317
0.18720,0.31966,0.58836,0.89013,2.33595,2.52396,6.84527,0.46667,0.00363
0.21228,0.32217,0.95586,0.65982,1.66660,2.28958,6.10631,0.52381,0.00933
0.19309,0.26648,0.79612,0.75752,1.65138,2.47104,6.13564,0.55556,0.00648
0.27963,0.28807,0.54641,0.33146,1.72086,2.23257,5.39900,0.59524,0.00997
0.25247,0.23382,0.87122,0.47099,1.79093,2.61548,6.23490,0.37500,0.01104
0.16020,0.18388,0.68692,0.31579,1.57452,2.52884,5.45016,0.56667,0.01264
0.16570,0.16039,0.39702,1.48595,1.49564,2.34855,6.05325,0.33333,0.00048
0.25099,0.24066,0.76975,0.52936,1.82134,2.09735,5.70945,0.73333,0.02086
0.22284,0.28311,1.13656,0.58805,1.83321,2.38348,6.44725,0.55556,0.01269
0.16671,0.22955,1.05061,0.76731,1.68727,2.54129,6.44275,0.22222,0.00290
0.10989,0.23902,1.49011,1.69987,1.65969,2.29898,7.49757,0.53333,0.00605
0.29053,0.26207,0.40131,0.84057,1.58844,5.50274,8.88566,0.16667,0.00030
0.20742,0.30265,1.16645,1.10166,1.73752,2.38675,6.90245,0.33333,0.00387
0.19473,0.27181,1.11140,0.59296,1.99762,2.61643,6.78495,0.33333,0.00431
0.18474,0.34079,0.81706,0.36466,1.56742,2.41841,5.69308,0.57143,0.00736
0.16061,0.18175,0.63041,0.31159,1.63931,2.72687,5.65054,0.50000,0.00568
0.18928,0.28415,0.90472,0.78590,1.70946,2.45676,6.33028,0.43333,0.00925
0.17004,0.30493,1.25690,0.35293,1.70165,2.66173,6.44817,0.11111,0.00045
0.23628,0.29953,0.39209,0.44494,1.57990,2.04696,4.99970,0.61905,0.00519
0.29504,0.20422,0.75509,0.72581,1.66302,2.48880,6.13198,0.55556,0.00343
0.23859,0.19032,1.23596,0.54855,1.73805,2.41566,6.36713,0.37037,0.00420
0.15104,0.14970,0.82955,1.33562,1.68481,2.58586,6.73658,0.05556,0.00032
0.13274,0.06716,0.36121,0.71624,1.69925,2.42353,5.40013,0.66667,0.01210
0.28257,0.28423,0.35525,0.21014,1.79832,2.45239,5.38291,0.50000,0.00761
0.22883,0.24630,0.88687,0.35937,2.05565,2.21065,5.98768,0.66667,0.01779
0.33334,0.27691,0.77335,0.87743,1.49376,2.50179,6.25658,0.33333,0.00064
0.13811,0.09155,0.35863,1.22236,1.53160,2.34686,5.68910,0.50000,0.00303
0.21240,0.30748,1.08277,0.69370,1.63485,2.35578,6.28698,0.55556,0.01423
0.22816,0.23036,0.62815,0.25547,1.49323,2.23767,5.07304,0.62500,0.01300
0.21419,0.11376,0.72890,0.56833,1.79830,2.04102,5.46449,0.75000,0.00440
0.11063,0.33717,0.90758,0.74959,1.46269,2.01527,5.58293,0.66667,0.00613
0.34547,0.32199,1.16295,0.28764,1.46383,2.37137,5.95325,0.33333,0.00149
0.15410,0.19230,0.80923,0.80637,1.58434,2.52747,6.07381,0.42857,0.00448
0.21109,0.20818,0.72848,0.51343,1.84923,2.27187,5.78229,0.51282,0.01641
0.14154,0.21092,0.45459,0.56918,2.36844,2.19163,5.93631,0.73333,0.00981
0.20621,0.27741,0.27998,0.48296,2.24604,2.40175,5.89434,0.47619,0.00710
0.26252,0.25751,0.52483,0.46880,1.93670,2.19566,5.64601,0.61905,0.00528
0.24593,0.29648,0.76099,0.27709,1.69373,2.36365,5.63787,0.56667,0.02218
0.30510,0.26892,0.69674,0.77640,1.70842,2.41877,6.17434,0.53333,0.00621
0.19587,0.20890,0.79688,0.45513,1.73335,2.21694,5.60706,0.77778,0.02992
0.20913,0.20368,0.58511,0.73984,1.68254,2.07963,5.49993,0.76923,0.02213
0.25163,0.19507,1.77080,0.76013,1.65995,4.00315,8.64072,0.50000,0.00167
0.08609,0.16138,0.21699,0.21646,1.43596,2.01900,4.13587,0.83333,0.00659
0.10206,0.22626,1.33374,0.32578,1.51319,2.28605,5.78707,0.55556,0.00345
0.28379,0.27214,0.48256,0.57055,2.08548,2.30214,5.99666,0.55556,0.01039
0.20756,0.17188,1.04408,0.83424,1.70217,2.20143,6.16136,0.76190,0.01258
0.15794,0.28787,1.12827,0.35660,1.66640,2.13433,5.73141,0.63889,0.01520
0.24777,0.36295,0.78114,0.62693,1.68844,2.43733,6.14457,0.38095,0.00382
0.26003,0.27698,0.47103,0.25346,1.85344,2.29979,5.41473,0.63636,0.01321
0.19668,0.22167,1.30328,0.84401,1.74297,2.58793,6.89654,0.28889,0.00292
0.29037,0.17304,1.42471,0.91361,1.52186,1.99310,6.31669,0.66667,0.00364
0.20984,0.34176,0.42242,0.45476,2.11503,2.34976,5.89358,0.50000,0.00707
0.25265,0.25823,0.98010,0.33172,1.88910,2.32655,6.03835,0.65278,0.04230
0.14044,0.15362,0.63480,0.31360,1.47860,2.87773,5.59878,0.25000,0.00298
0.20346,0.12784,0.40707,0.74163,1.57259,2.36556,5.41815,0.58333,0.01095
0.16909,0.18325,0.61630,0.83992,1.44037,2.23790,5.48683,0.55556,0.00588
0.30831,0.26303,0.92438,0.74858,1.71861,2.46466,6.42758,0.44444,0.00305
0.20868,0.14547,0.49808,0.77139,2.36782,2.20882,6.20026,0.60000,0.00843
0.26677,0.25310,0.95629,0.62594,1.74769,2.60464,6.45442,0.20833,0.00115
0.22809,0.29274,1.48398,1.57918,1.52729,2.67098,7.78225,0.33333,0.00111
0.14990,0.24188,0.35776,0.24608,1.36329,2.59086,4.94976,0.42857,0.00478
0.29243,0.24614,0.46738,0.36099,1.52310,2.02360,4.91363,0.61905,0.00766
0.24250,0.22055,0.43952,0.37200,1.54606,2.20444,5.02506,0.60606,0.01800
0.17886,0.27466,0.50460,1.33182,1.49047,2.83773,6.61813,0.00000,0.00000
0.15625,0.11457,0.48061,0.73064,1.79000,2.18934,5.46141,0.83333,0.03013
0.26297,0.27894,1.20900,0.50623,1.49294,2.25371,6.00379,0.50980,0.01792
0.27859,0.26780,0.67191,0.58617,1.73523,2.07784,5.61754,0.61111,0.00916
0.19665,0.23113,0.73028,0.32225,1.81790,2.43247,5.73067,0.33333,0.00078
0.17690,0.19064,0.51075,1.26277,1.54428,2.22013,5.90547,0.55556,0.00353
0.19992,0.25932,0.94590,0.62157,1.61544,2.43743,6.07958,0.29630,0.00408
0.14366,0.20050,0.75503,0.40440,1.56241,2.63789,5.70390,0.44444,0.00738
0.20615,0.26234,0.58001,0.63767,1.49108,3.98108,7.15832,0.33333,0.00027
0.26550,0.16773,0.34232,0.97453,1.35799,2.73685,5.84492,0.11111,0.00015
0.14331,0.27900,0.47127,0.10060,1.38877,2.84343,5.22637,0.26667,0.00105
0.20887,0.27613,0.34284,0.37105,1.47172,2.05443,4.72503,0.62963,0.00927
0.33058,0.33341,0.21315,0.73215,1.43557,2.01243,5.05728,0.50000,0.00069
0.18399,0.19418,0.49582,0.72111,1.70803,2.18923,5.49235,0.66667,0.01711
0.25914,0.23981,0.82267,0.63454,1.89069,2.11893,5.96578,0.61905,0.00744
0.15086,0.11844,0.42348,0.73456,1.40568,2.88639,5.71941,0.25000,0.00325
0.22398,0.25494,0.41331,0.38175,2.33616,2.50085,6.11100,0.40000,0.00386
0.27168,0.16781,0.55527,0.52050,1.44936,2.41358,5.37819,0.55556,0.01132
0.25525,0.27213,0.88754,0.31273,1.78394,2.28916,5.80075,0.61905,0.03342
0.22767,0.20000,0.55216,0.45591,1.51774,2.04190,4.99538,0.75758,0.02299
0.28730,0.25760,0.80240,0.74235,1.67448,2.43976,6.20388,0.44444,0.00316
0.23805,0.28180,0.87330,0.60915,1.70994,2.38689,6.09912,0.50000,0.00963
0.21553,0.22706,0.95616,0.74657,1.57836,2.23549,5.95917,0.60784,0.02297
0.27342,0.31965,1.18207,0.47294,1.46193,2.47890,6.18891,0.33333,0.00377
0.17603,0.20284,0.75080,0.69761,1.70052,2.34064,5.86844,0.33333,0.00436
0.27624,0.30458,0.29468,0.25071,2.04438,2.14546,5.31605,0.66667,0.01279
0.25553,0.27108,0.71572,0.41692,1.58810,2.46156,5.70891,0.33333,0.00554
0.11840,0.15202,0.34119,0.48719,1.46570,2.30996,4.87446,0.50000,0.00315
0.26555,0.19726,1.32852,0.34552,1.72847,2.68754,6.55286,0.10000,0.00062
0.10584,0.17137,0.68294,0.32985,2.00874,2.36174,5.66048,0.53333,0.00654
0.19949,0.23101,1.14456,0.33037,1.54046,2.47103,5.91692,0.55556,0.01293
0.22027,0.21310,0.31256,1.18687,1.49064,2.36582,5.78926,0.46667,0.00386
0.22587,0.21229,0.99574,0.64929,1.92492,2.51599,6.52409,0.47917,0.01826
0.21917,0.23301,1.61968,1.85485,1.53912,2.37769,7.84352,0.33333,0.00063
0.19743,0.42915,0.40811,0.18861,1.62827,2.24411,5.09568,0.50000,0.00447
0.20272,0.24751,0.47718,0.40656,1.61556,2.29229,5.24181,0.55556,0.01421
0.17846,0.25216,0.55145,0.27457,1.76198,2.14788,5.16650,0.72727,0.01702
0.18505,0.20827,0.16453,1.31733,1.42424,2.28154,5.58095,0.66667,0.00616
0.14397,0.23646,0.22630,0.25765,1.36802,4.67704,6.90943,0.58333,0.00827
0.26403,0.20780,1.27437,0.49207,1.62845,2.34990,6.21661,0.60606,0.01617
0.28908,0.37294,0.72369,0.77179,1.53820,2.47762,6.17333,0.44444,0.00315
0.17389,0.20405,1.66708,1.78497,1.63021,2.62352,8.08372,0.11111,0.00015
0.18633,0.27711,0.91085,0.32841,1.97936,2.31093,5.99299,0.56410,0.01531
0.15659,0.19688,0.58725,0.35177,1.53866,2.64408,5.47523,0.51852,0.01324
0.16823,0.16025,0.51662,0.36643,1.41510,2.19598,4.82260,0.70000,0.01732
0.21900,0.33360,0.94622,0.36342,1.64112,2.15584,5.65920,0.60000,0.01496
0.24795,0.16424,1.25034,1.26211,1.60579,2.27239,6.80282,0.44444,0.00336
0.18386,0.21672,0.84232,0.94909,1.48523,2.42605,6.10328,0.22222,0.00306
0.17142,0.14710,0.21823,1.30193,1.47429,2.34786,5.66082,0.33333,0.00052
0.24222,0.24760,0.68252,0.38164,1.71096,2.31462,5.57956,0.36667,0.00472
0.26429,0.21393,0.44984,0.36131,1.51115,2.02920,4.82971,0.73333,0.01706
0.08684,0.22300,1.35839,0.35137,1.43407,2.28276,5.73643,0.55556,0.00364
0.18897,0.20593,0.63104,0.77667,1.67472,2.44689,5.92423,0.57576,0.01613
0.25514,0.29217,0.35340,0.28924,1.76954,2.29030,5.24979,0.58333,0.00823
0.22976,0.27226,1.17732,0.69330,1.65662,2.16088,6.19015,0.50000,0.00690
0.16751,0.19976,0.17591,0.35413,1.54829,2.01555,4.46115,0.77778,0.00651
0.28230,0.29923,0.42943,0.29917,1.80437,2.22058,5.33508,0.57143,0.01274
0.27386,0.27537,0.77889,0.32793,1.63256,2.35270,5.64131,0.56667,0.02316
0.12648,0.24557,0.59991,0.34941,1.43420,2.80374,5.55930,0.16667,0.00057
0.18435,0.21425,0.68400,0.53480,1.37968,2.87341,5.87050,0.26667,0.00108
0.23755,0.21416,0.65879,0.45300,1.46951,2.50480,5.53781,0.33333,0.00067
0.21263,0.14921,0.22014,0.88429,2.44550,2.39577,6.30753,0.41667,0.00568
0.19791,0.22399,0.64580,0.43603,1.39936,2.47962,5.38272,0.44444,0.00416
0.21599,0.27851,0.20891,0.27026,2.06775,2.12373,5.16514,0.70833,0.01287
0.19128,0.28517,1.34904,0.63299,2.62157,2.56887,7.64892,0.46154,0.01166
0.32051,0.20448,1.25451,0.57104,1.73688,2.51560,6.60303,0.19048,0.00085
0.17324,0.29454,0.74717,0.84865,1.74074,2.22820,6.03253,0.66667,0.01128
0.18023,0.22464,0.83989,0.50296,1.71584,2.37046,5.83401,0.37500,0.00691
0.15449,0.13964,1.73310,1.15589,1.70869,4.13692,9.02873,0.66667,0.02914
0.28504,0.27565,0.56951,0.51294,1.77362,2.38511,5.80186,0.48148,0.00565
0.17199,0.24374,0.67628,0.68320,1.71118,2.43876,5.92515,0.66667,0.00574
0.18324,0.17985,0.98153,0.58690,1.77993,2.18366,5.89511,0.76923,0.02384
0.14593,0.18566,0.75479,0.59358,1.51075,2.70277,5.89349,0.25000,0.00133
0.22521,0.24771,0.72280,0.45496,1.65069,2.51840,5.81976,0.47222,0.01110
0.20864,0.25063,0.42933,0.22448,1.43748,2.32373,4.87429,0.51852,0.00827
0.24369,0.31538,0.87972,0.56483,1.61885,2.18175,5.80423,0.56410,0.01376
0.20084,0.33235,0.52719,0.41962,1.61833,2.05700,5.15533,0.71429,0.01266
0.23961,0.14824,0.78789,0.53244,1.64640,2.37344,5.72803,0.62500,0.01296
0.10983,0.17351,0.28177,0.25318,1.44262,1.99569,4.25662,1.00000,0.00947
0.18042,0.12974,0.32327,0.30751,2.05220,2.29390,5.28706,0.73333,0.01973
0.28360,0.21613,0.77416,0.44546,1.72731,2.50864,5.95530,0.23810,0.00120
0.25542,0.42682,0.90150,0.40711,1.52650,2.49896,6.01631,0.33333,0.00068
0.22145,0.19281,0.21940,0.21990,1.31317,1.99561,4.16234,0.66667,0.00440
0.16155,0.11044,0.55315,0.81380,1.64196,2.59363,5.87453,0.44444,0.01221
0.13262,0.23367,1.49652,0.54543,1.59194,2.60495,6.60513,0.11111,0.00050
0.15733,0.18566,0.39758,0.60090,1.57145,2.53739,5.45031,0.57143,0.01177
0.14852,0.31045,0.45135,0.86924,1.49918,2.01729,5.29602,0.77778,0.00414
0.23445,0.23776,0.28808,0.34921,2.01583,2.63842,5.76376,0.38889,0.00434
0.26499,0.26946,0.56622,0.49855,1.82097,2.18680,5.60699,0.57143,0.00526
0.16399,0.36151,1.02041,1.05378,1.46694,2.65901,6.72564,0.25000,0.00073
0.21386,0.27983,0.72601,0.61336,1.67322,2.52159,6.02788,0.23810,0.00093
0.20668,0.28437,0.30362,0.27566,1.46653,2.17305,4.70991,0.56667,0.00850
0.14860,0.13001,0.41923,0.59948,1.39587,2.88603,5.57922,0.25000,0.00330
0.20222,0.23010,0.73163,0.57434,1.80755,2.25699,5.80282,0.52381,0.00495
0.33841,0.29249,1.11665,0.53428,1.41491,2.55564,6.25240,0.33333,0.00396
0.23157,0.26006,0.66793,0.17451,1.66499,2.25186,5.25094,0.62963,0.03941
0.23979,0.19362,0.47889,0.47360,1.50809,2.02645,4.92044,0.80000,0.02032
0.16737,0.18046,0.13249,0.62314,1.34976,1.99862,4.45185,0.60000,0.00666
0.23340,0.25729,0.19789,0.21972,2.28727,4.30331,7.49889,0.71429,0.02465
0.27180,0.20560,0.65451,0.51519,1.62787,2.44684,5.72180,0.37500,0.00706
0.23678,0.22649,0.39364,0.28222,1.69670,2.40717,5.24299,0.59259,0.01109
0.21666,0.18454,0.21074,0.21106,1.32242,1.99803,4.14345,0.75000,0.00483
0.18079,0.32729,0.54179,0.34580,1.69215,2.32827,5.41609,0.60000,0.01493
0.16120,0.10986,0.40699,0.78860,1.83482,2.44748,5.74893,0.71429,0.01556
0.19025,0.25781,0.54370,0.58387,1.59528,2.07682,5.24773,0.66667,0.00940
0.23568,0.23237,0.46596,0.44229,1.60925,2.25819,5.24373,0.50000,0.00445
0.19895,0.26360,1.02677,0.34831,1.51495,2.35109,5.70366,0.62500,0.01038
0.17258,0.26323,0.68536,0.39009,1.66034,2.59583,5.76742,0.44444,0.01000
0.21295,0.24175,0.27060,0.22992,1.88638,2.38761,5.22921,0.56667,0.01417
0.17072,0.23700,1.20102,0.60126,1.49493,2.51967,6.22460,0.13333,0.00047
0.22112,0.26635,0.66097,0.64171,1.53302,2.15048,5.47365,0.66667,0.01731
0.24894,0.20161,0.86194,0.45556,1.82439,2.32243,5.91486,0.61905,0.01612
0.17321,0.25283,1.05628,1.49981,1.49502,2.59676,7.07391,0.11111,0.00016
0.27947,0.24228,0.88225,0.56604,1.39610,2.84048,6.20661,0.20000,0.00073
0.18323,0.18239,0.32283,0.88260,1.53076,2.23163,5.33344,0.55556,0.00350
0.13424,0.16086,0.83076,0.36437,1.68009,2.54210,5.71242,0.11111,0.00052
0.17251,0.24150,0.71289,0.70905,1.45985,2.82277,6.11858,0.00000,0.00000
0.28923,0.34289,0.54337,0.43791,1.47620,2.02844,5.11804,0.61905,0.00525
0.19350,0.22363,0.33976,0.34923,1.47820,2.14593,4.73024,0.74359,0.02322
0.18219,0.25996,0.33618,0.21663,1.53525,2.26348,4.79369,0.60606,0.01462
0.20116,0.24132,0.33776,0.37838,2.24729,2.51132,5.91723,0.53333,0.00647
0.33084,0.23138,0.70227,0.64431,1.36450,2.48826,5.76156,0.33333,0.00070
0.22671,0.25197,0.61646,0.76726,1.58371,2.37807,5.82418,0.50000,0.00926
0.24279,0.23439,0.60868,0.23923,1.66565,2.31066,5.30141,0.69333,0.04531
0.21427,0.23732,0.76264,0.54412,1.63487,2.37213,5.76535,0.50000,0.00147
0.14339,0.20042,0.46445,0.80356,1.57381,2.05070,5.23633,0.83333,0.01948
0.20682,0.13578,0.31163,0.31496,2.60292,2.21903,5.79113,0.80000,0.01199
0.29889,0.27923,1.10568,0.60104,1.38146,2.49648,6.16278,0.33333,0.00379
0.25752,0.30220,0.27577,0.30584,1.49896,4.08252,6.72281,0.55556,0.00884
